type,city,state,zip,street,year_built,bed,bath,home_size,lot_size,price,description,image1
Land,Swan Lake,NY,12783,37 John Bishop Road,0,0,0,0,101.93,695000.0,"A quiet 101 Acre Woods located in the Catskills. This vacant building parcel has access to John Bishop Pond, a semi-private 10-acre pond great for kayaking, canoeing and fishing. Several home sites with water access and views. With roughly 2000' of frontage on John Bishop Road, subdivision is a possibility. Zoning allows for residential use, bed and breakfast, camp grounds, etc. A table of use and requirements available. Located within the Town of Bethel, known for several motorboat lakes and reservoirs,...",https:////d3mi7e2vp4lzjl.cloudfront.net/dad5cd724f45e839b49953e46e7e0f412896ee3e_img_0/640x480.jpg
Single Family,Napanoch,NY,12458,4-5 Water Street,0,3,3,4564,1.2,579900.0,"This fully restored antique home dates to 1707, upgraded with intricate details toward historic preservation, beauty and the tasteful integration of modern comforts. Come, walk these storied acres with an on-property paper mill, overlooking gorgeous waterfalls whose harnessed power supported machinations years ago, war era equipment still inside fascinating ruins. Hear the rustling trees and gurgling waters through wall-thick repeating doorways surrounding the entirety of the home, featuring original...",https:////d3mi7e2vp4lzjl.cloudfront.net/2eb351b9d000d9bf9081eb4910a92c1f2bca5733_img_0/640x480.jpg
Single Family,Monticello,NY,12701,75 Wildcat Road,1994,5,3,3674,108.0,1499000.0,"This 108 acre property with HIGH SPEED INTERNET has a tree lined driveway that takes you to a secluded/private 5 bedroom/3.5 bathroom custom colonial house which is heated and cooled by a geothermal system,generator,this property includes 4 separate contiguous parcels (18-1-71.1/71.3/74.2/70.1)and a large pond off of Hamilton Ave, inground pool with a slide and a spot for a diving board (11' in the deep end)pool shed, heated, nice screened in porch and a 3 car garage,the kitchen is huge with an eat...",https:////d3mi7e2vp4lzjl.cloudfront.net/a3ee21c2a44f55c97bb1e27dc5e715234704edef_img_0/640x480.jpg
Land,Woodbourne,NY,12788,105 Cypert Road,0,0,0,0,59.25,565000.0,,https:////d3mi7e2vp4lzjl.cloudfront.net/9185222da9940f813173c479180a980317564d03_img_0/640x480.jpg
Single Family,Neversink,NY,12765,15 Deans Way,1985,3,2,1570,8.18,574500.0,"This home offers custom finishes with the finest craftsmanship throughout. The home was masterfully designed for a perfect blend of modern living with gracious entertaining on the massive deck overlooking the pond. Custom kitchen with open concept dining & living-room with fireplace. The master suite with a large spa like four piece bathroom, two additional bedrooms and full bathroom. The home has Green Geothermal heat & air conditioning with 30%-60% savings on heating and 25%-50% savings on cooling....",https:////d3mi7e2vp4lzjl.cloudfront.net/6c42b0dfdd3ccf2a6f34b187c9536812beffc419_img_0/640x480.jpg
Single Family,Livingston Manor,NY,12758,314 Benton Hollow Road,1950,3,2,1820,50.6,849000.0,"Welcome to the Scout Camp! A former Girl Scout Camp situated on fifty acres in the heart of the Catskill Mountains in Livingston Manor, New York. The Lodge: The main room features twenty-foot ceilings; a modern chandelier; windows on every wall; a vintage Timberland wood burning stove; and reclaimed wormy chestnut wood floors. New heating and air conditioning systems were installed. The Lodge also features an airy open concept kitchen with a Viking stove, Bosch dishwasher and a Fisher Paykel refrigerator...",https:////d3mi7e2vp4lzjl.cloudfront.net/4b46412726ef7873c8eb047d013b42fa0b5a10e9_img_0/640x480.jpg
Single Family,Mongaup Valley,NY,12762,12-18 Ballard Road,0,4,3,1512,18.86,765000.0,"Property is located in the heart of the Sullivan County Catskills. Sit on your deck and enjoy the views of the well manicured 18+ acres with several ponds and bonus 3 bedroom home to be finished renovating for extra income or extended family. Two homes, land, ponds and more. Property includes 12 & 18 Ballard Rd. Ranch style home with an accessory 1 bedroom apartment downstairs. First floor has an open floor plan, laminate flooring,large living room w/a gas fireplace and sliders which lead to an oversize...",https:////d3mi7e2vp4lzjl.cloudfront.net/f8a3d90d724d5ab78a58133d55220cc6249b409b_img_0/640x480.jpg
Single Family,Ellenville,NY,12428,161 Black Joe Road,0,2,2,0,11.5,550000.0,"Vacation Cabin or Full Time Residence in the Woods with all the Amenities of Home Newly Built in 2001. Why Not Work Remotely From Home Rocking On Your Covered Porch? Nestled on 11.1 Acres of Forest and Fields With a Brook Running Thru the Properties Edge, This Cabin Is Sure To Please! 2 bedrooms with Room To Expand Into The Loft For A 3rd, 2 Full Baths, 1 Car Garage, And Full Walk Out Basement With Lockers Custom Built For Each Hunter. Basement Also Equiped With Small Butcher Area. Generator Hook...",https:////d3mi7e2vp4lzjl.cloudfront.net/e2deffe4f190eea761ce5c5ccdb0490a146f25a9_img_0/640x480.jpg
Land,Kiamesha Lake,NY,12751,31 Levine Road,0,0,0,0,132.0,545000.0,"This 132 acre parcel is centrally located between Monticello and Hurleyville. The parcel is mostly level with a mix of woods and open areas. there is an old manufactured home and garage in poor condition. Tons of frontage (APPROX 3,100 FEET) and lots of development potential. Town of Thompson Zoning is RR-1 which requires a 1 acre lot for a home. Very attractive parcel. Great spot for a secluded home or several for your family and friends. Perfect for a hunting retreat as well.",https:////d3mi7e2vp4lzjl.cloudfront.net/38067ed982beed12099e8189f6da5edc98ca3771_img_0/640x480.jpg
Land,White Lake,NY,12786,0 Mitchell Road,0,0,0,0,377.0,1299000.0,"Awesome offering! 377 surveyed acres is located in the desirable Town of Bethel and offers a large pond water feature (needs work), deciduous and evergreen trees as well as a lot of potential for development, compound or private estate. Very close to area lakes for fishing, swimming, and boating: Toronto Reservoir, Swinging Bridge Reservoir, White Lake and Kauneonga Lake. Also near Lake Superior State Park which is a public recreation area. The Delaware River is only 15 minutes away. Fabulous waterfront...",https:////d3mi7e2vp4lzjl.cloudfront.net/ee6c7ca8c5ece9e615199fb57ac8f1a85b065065_img_0/640x480.jpg
Single Family,Swan Lake,NY,12783,160 Heinle Road,0,5,4,3832,19.72,975000.0,"A person s home is their castle. This age-old adage couldn t be more apt to describe this impressive new listing. With it s regal disposition, this home is a head turner. The size alone will impress: 5 bedrooms, 4.5 bathrooms, over 3800 square feet (PLUS basement), and 19 acres. The details will win you over. Entering the home, the size and livable layout is immediately realized. The large, recently renovated kitchen is perfect for both hosting a dinner party or quotidian life. The large basement...",https:////d3mi7e2vp4lzjl.cloudfront.net/00ea62b37a968c8d7ac4808c8bf3a95894d51fcd_img_0/640x480.jpg
Single Family,Glen Wild,NY,12738,77 East ,1975,3,3,3326,5.0,599000.0,"Solid as a rock! This stately, custom ranch home with a sprawling floor plan consists of a slate foyer, formal LR & DR with pocket doors, eat-in kitchen, spacious family room with fireplace and access to heated sun room, large master bedroom suite with jacuzzi tub and walk in closet/dressing room, 2 additional bedrooms, another full bath and a powder room, laundry room and a 3 car attached garage. Partially finished basement includes offices, full bath, family room w/FPL/wood stove insert and enough...",https:////d3mi7e2vp4lzjl.cloudfront.net/7b7d2545329ff5dd4cd94b0f908dd39b7000da67_img_0/640x480.jpg
Land,Monticello,NY,12701,17 Dunbar Road,0,0,0,0,3.74,650000.0,,https:////d3mi7e2vp4lzjl.cloudfront.net/92d41b83c2d58f213d23885f7ba76f1cfd32d2d1_img_0/640x480.jpg
Single Family,Livingston Manor,NY,12758,46 Beaverkill Road,1915,3,3,2436,8.09,574900.0,"Traditional Four Square Farmhouse is far from ""traditional"". Having undergone an amazing transformation with exquisite detailing and a modern upscale twist, this beautiful classic-style home offers so much! Attention to detail with sparkling hardwood floors, tastefully finished baths and a chef's kitchen. Main floor is a fabulous open plan and is flooded with natural light. Second floor features 3 spacious bedrooms including master suite with luxurious master bath and huge walk-in closet. Third floor...",https:////d3mi7e2vp4lzjl.cloudfront.net/285b10ca1e89242794ae599bf7515cf9e8ac35a9_img_0/640x480.jpg
Single Family,Napanoch,NY,12458,1084 Highway 55A,1968,3,2,3100,61.22,949000.0,A stunning example of the definition of pristine and private. Check off you whole wish list. Ideally located 2 miles from the town of Grahamsville and Tri Valley school it is surrounded by glorious mountain views and is within walking distance to the Roundout Reservoir. The stone patio with an outdoor kitchen and built in pizza oven will wow any cook. The indoor kitchen has stainless steel appliances and granite countertops. The dining room and living room is an open inviting space with a woodstove...,https:////d3mi7e2vp4lzjl.cloudfront.net/5709a915d289eda3a2903fc7372f29091cc9ad9d_img_0/640x480.jpg
Multi Family,Monticello,NY,12701,377 East Broadway,1950,0,0,11358,0.5,700000.0,"This listing is on two parcels of land, 0.50 of an acre, 377 E B'way and the around corner to 5 & 9 Spring Street. There are four buildings and 18 apartments, all rented month to month. All the buildings have new roofs, one new hot water heater and all the furniture is included with the sale. The building at 377 B'way has 6 one bedroom apts at $ 650-$700/month and 1 - two bedroom apt. at $ 950/month. The building at 5 sSpring Street has 3 - one bedroom apts at $700 - $750/month. The building at 9...",https:////d3mi7e2vp4lzjl.cloudfront.net/292d41be7ed366e6c403dfa529f0134c455a8300_img_0/640x480.jpg
Single Family,Livingston Manor,NY,12758,661 Debruce Road,1976,5,2,3012,7.43,699000.0,"Livingston Manor gem, 5 bedroom, 2.5 bath home with everything you will need. Beautiful in ground pool, garden, firpit, attached 2 car garage, laundry room, family room, full bar, sun room, renovated kitchen, bathroom... so much more.",https:////d3mi7e2vp4lzjl.cloudfront.net/6a942788b32be736bfad5436328d281667cab41c_img_0/640x480.jpg
Single Family,Ellenville,NY,12428,541 Ulster Heights Road,1891,7,2,4138,6.02,849000.0,"Welcome to this absolutely stunning 19th Century Farmhouse Architecture home on the Beerkill. This unique hospitality style home is currently operating as an Airbnb superhost site and/or wedding & event rental as it also has a fully renovated barn that is used as a special event center for rent. This fully renovated Farmhouse features wide plank wood floors, 7 bedrooms, 2 full baths, half baths, family rooms and more. The home is great for a large family, or it is set up as a perfect Mother/daughter....",https:////d3mi7e2vp4lzjl.cloudfront.net/985a8dcdd3dba65d5983ddf4c2150de3d18c1030_img_0/640x480.jpg
Single Family,Napanoch,NY,12458,"24-25 Lookout Farm Road, Unit 26",1969,3,3,3633,0,1100000.0,"This magical escape offers fresh mountain air, spring-fed water, mesmerizing views and total seclusion on more than 115 acres but it s just two hours from Manhattan. Lovingly created and owned by the same family since 1969, the main house was extensively expanded in 2002 and has been built around a 19th century 2.5-story hillside barn with mountain views, a spring-fed swimming pond, fenced organic garden bordered by-perennial flowers, and a patio with waterfall-fed pond. Original hand-hewn beams...",https:////d3mi7e2vp4lzjl.cloudfront.net/348aebc0a3823069ca421051bbf38a0a3b189bd5_img_0/640x480.jpg
Single Family,Kauneonga Lake,NY,12749,4138 West Shore Drive,0,9,6,8400,0.21,1500000.0,"Location-location-location White lake homes Rare Direct lakefront This QUALITY, CUSTOM-BUILT, Manse boasts SPECTACULAR, UP-CLOSE; WATER-VU's FROM ALL (3) LEVEL'S Approx. 2,500 Sq. Ft. on ea. level ALL ROOM's & CLOSET's Feature 8' SOLID HARDWOOD DOORS Sliding-glass doors invite you & your guests to RELAX & CELEBRATE on spacious, SUNNY, LAKE VU DECK's A smart & functional Floor-Plan accommodates a variety of living-arrangements; 1-2 large or extended families + 10'-12'-ceilings, Polished-Stone & Solid,...",https:////d3mi7e2vp4lzjl.cloudfront.net/f09a0516572b07af88359e17c264325995b8d0ba_img_0/640x480.jpg
Single Family,Jewett,NY,12444,718 Merwin Street,1793,7,3,5758,13.0,895000.0,"This unique and exquisite property steeped in history is extraordinary in so many ways. The elegant and light filled main house was built in the 1700s. A few of its past residents include the founders of the Kirkman Soap Company, the Colgate's and the Rockefellers. This past year the home was tastefully renovated preserving the original details while incorporating modern day amenities. The picturesque grounds include rolling meadows, barn, pond, stone walls, apple trees and view of Windham Mountain...",https:////d3mi7e2vp4lzjl.cloudfront.net/a507df6c5bd6f0b48959294cddd4ce480f132f16_img_0/640x480.jpg
Single Family,Prattsville,NY,12468,103 Goff Drive,0,5,4,3900,7.18,799000.0,"Relish in iconic upstate life in this one-of-a-kind, custom-built expansive contemporary cabin tucked away on over seven acres in the Catskill Region. Flooded in light, the open floor plan offers five bedrooms, four full bathrooms and ample living space on multiple floors. The top floor hosts two master suites, large living area and open kitchen. The exterior wrap around deck has an incredible outdoor fireplace and some of the most spectacular private views in the Hudson Valley. On the lower level,...",https:////d3mi7e2vp4lzjl.cloudfront.net/38cce01927297fed928195cc3e06d45570a3b8b1_img_0/640x480.jpg
Single Family,Bearsville,NY,12409,85 Upper West Ohayo Mountain Road,1984,3,2,2584,3.02,1325000.0,"A home aficionado s dream, Volovski s Stone Tower House is where you need to live Located in Woodstock s trendy Bearsville neighborhood this property is ideal for someone who wants to create a new home for themselves or own a thriving investment. The 180-degree panoramic view of the Catskill Mountains of this 3 plus acre home will change your life. A 20 Easter Island hand hewed sculpture welcomes you to the property, and leads you down the circular path to this stunning piece of architectural art....",https:////d3mi7e2vp4lzjl.cloudfront.net/ae92489eef2143148138fa954df9ffe1dc9c3982_img_0/640x480.jpg
Single Family,Willow,NY,12495,65 Grog Kill Road,1975,3,3,2925,6.01,1275000.0,"Three bedroom, 3 bath, almost 3,000 sq.ft., custom crafted cedar-sided post and beam in a tranquil sun-dappled English garden setting, on 6 fenced and private wooded acres 10 minutes from Woodstock Village Green. New additions blend seamlessly with a restrained Scandinavian palette of white walls, wood beams and natural stone surfaces. Hickory and oak floors throughout, Crown Point maple wood cabinetry in kitchen and bathrooms, Pella Architect range windows and Douglas Fir doors. The entry mudroom...",https:////d3mi7e2vp4lzjl.cloudfront.net/66fe69c30d4e4af678c6025a3ddae7b9f6ec19c3_img_0/1500x1000.jpg
Single Family,Windham,NY,12496,31 Wipeout Lane,0,6,5,0,0.48,3200000.0,"Exceptional Slope Side Home! Timber Frame Const, this Home Boasts, IG Pool, Nursery, Custom Door & Railings, w/Wall of Windows & Panoramic View of Catskills! Elegant Grt Room w/Stunning Stone Fire Place Reaching to Peak of Soaring Cathedral Ceiling & Exposed Timbers! Wide Plank Walnut Flrs, Prof Cooks Kit w/Viking Appliances, Substantial Custom Island & Cabinetry, Striking Chandeliers, An Excepional Gem, Flooded w/Natural Sunlight, Mature landscaping, Decking, Patio, Views of Ski Trails! Amazing",https:////d3mi7e2vp4lzjl.cloudfront.net/a7b43ce876af5ebcd34ca7965c8696fc2c18423e_img_0/1500x1000.jpg
Single Family,Windham,NY,12496,125 Copper Ridge Trail,0,9,6,10611,5.52,3600000.0,"Come enjoy the extravagant lifestyle and exquisite experience this home has to offer! 7 fireplaces with stunning mountain views. Fully equipped gourmet kitchen with Wolf and Sub-Zero appliances! Radiant heated floors and Wi-Fi throughout! 30 Finished rooms features 9 Bedrooms. 7 King size beds with private suites, 4 with fireplaces and 2 with private decks. 2 Queen size beds with bathroom suite. 6 full bathrooms and 2 powder rooms. 18 x 20 HEATED INDOOR POOL W/ FULL BATHROOM & STEAM SHOWER. Outdoor...",https:////d3mi7e2vp4lzjl.cloudfront.net/bf71945143825372d9899792f74f6e31ff835437_img_0/640x480.jpg
Single Family,South Salem,NY,10590,90 Spring Street,0,3,2,1752,3.02,1225000.0,"Created by an award winning architectural designer, step inside this custom farmhouse and appreciate the balance of this historic, yet modern home. Utmost attention was poured into the vintage design and indoor air quality all while promoting innovative and energy efficient heating and cooling systems. The home has been deconstructed and opened up to expose beams and let light flow freely throughout the house. The house features: open chefs kitchen leading to the outdoor patio, dining & living areas,...",https:////d3mi7e2vp4lzjl.cloudfront.net/32f12d78f69f9a20ad21f4bf11d00c9c1a1d27bf_img_0/640x480.jpg
Single Family,Lagrangeville,NY,12540,50 Amandas Way,0,4,5,3490,3.88,785000.0,"No expense has been spared to achieve comfort and luxury in this magnificent home. At nearly four acres, this cul-de-sac property impresses from the outset, introduced by a stunning backdrop of lush foliage and natural beauty. Set well within the considerable acreage, the resplendent landscaping is picture-perfect, shielded by a canopy of mature trees. Offering serenity and privacy, this four bedroom, five full and two half bath residence begins in the gracious entry with double height ceiling. Fine...",https:////d3mi7e2vp4lzjl.cloudfront.net/2614bb6fed3adc5d81834f196d4a0fbecf9375a4_img_0/640x480.jpg
Single Family,Lake Peekskill,NY,10537,193 Lake Drive,1932,2,2,2058,0.21,599900.0,"LAKEFRONT LIVING-DIRECT WATERFRONT. Upgraded with taste & style, this home has been completely rebuilt & restored using the finest quality materials & appointments. With attention to detail & no expense spared, this thoughtful renovation is complete from the infrastructure to the luxurious details. Spacious rooms offer fabulous entertaining areas + private spaces for all. Superior finishes include quartz countertops, moroccan tile backsplash, 8"" white oak flooring, seamless showers, porcelain tile...",https:////d3mi7e2vp4lzjl.cloudfront.net/5c6dcd8c082b82e529f66aa2a0fb100ff47c0851_img_0/640x480.jpg
Single Family,Out of Area,NY,12123,208 Malden Bridge Road,0,4,2,2400,35.0,899000.0,"This 1831 farmhouse, full of original charm and details, will transport you back in time and connect you with the deep, agricultural roots of Upstate New York. Meandering up the driveway, you'll arrive at the inviting front porch and enter the main foyer. You will immediately fall in love with the wide-board farmhouse floors, the elegant stairway leading to the second level and the original trim throughout... this home represents a faithful restoration of its original aesthetic. To your left, you...",https:////d3mi7e2vp4lzjl.cloudfront.net/3416520dccb1f312c5d3d5d4980f752e2c36df7e_img_0/1500x1000.jpg
Single Family,Redding,CT,6896,146 Cross Highway,0,4,2,3082,6.72,1495000.0,"Escape to this country home featuring a move-in-ready Circa 1867 Victorian, with an enviable 3 story barn, that houses a garage, workbenches, home office, pool house, and a heated in-ground pool, Recent renovations to the home include chef's kitchen with butler's pantry, mudroom, laundry room, bathrooms, wide board floors, new roof, central air conditioning, and an inviting family room complete with dining area and wood burning stove. All this on 6.5 acres that offers complete privacy and an opportunity...",https:////d3mi7e2vp4lzjl.cloudfront.net/6ab4d76d5d71c6ae4b44051d264d7124f56f21fa_img_0/640x480.jpg
Single Family,Somers,NY,10589,"3 Green Briar, Unit 3",0,3,2,2682,0.15,648500.0,"Incredible opportunity to own NEW CONSTRUCTION! Enjoy all the Green Briar lifestyle has to offer. Amenities include pool, tennis, clubhouse & more! Home ownership with the privacy and space but not the maintenance. Quality area builders offer spacious light filled rooms that feature cathedral ceilings, skylights and walls of windows. 1st floor Master Suite + 3 family sized BR's on the upper level. Open concept kitchen and family room area include Wolf Designer Cabinets, quartz counter tops, center...",https:////d3mi7e2vp4lzjl.cloudfront.net/d367183d551027ab002b546be5c076196d462457_img_0/640x480.jpg
Single Family,Somers,NY,10589,3 Green Briar,0,4,2,2682,0.15,648500.0,"Incredible opportunity to own NEW CONSTRUCTION! Enjoy all the Green Briar lifestyle has to offer. Amenities include pool, tennis, clubhouse & more! Home ownership with the privacy and space but not the maintenance. Quality area builders offer spacious light filled rooms that feature cathedral ceilings, skylights and walls of windows. 1st floor Master Suite + 3 family sized BR's on the upper level. Open concept kitchen and family room area include Wolf Designer Cabinets, quartz counter tops, center...",https:////d3mi7e2vp4lzjl.cloudfront.net/f84eb1eb750936400aca64b584396d5cb4a9f640_img_0/640x480.jpg
Multi Family,Beacon,NY,12508,1268 North Avenue,1963,7,4,4558,0.76,650000.0,"A once in a life time 9+ CAP rate investment opportunity in Beacon, NY awaits you. 1268-1270 North Ave is comprised of one 5 bedroom main house, 2 income producing rental apartments (detached) and an adjacent vacant buildable lot. (approx. .24 acre). The main house is a 2,834 sqft. 5 bedroom, 2.5 bath home with a den/office, family room, sitting room, living room and additional bedroom on the 1st floor and 4 bedrooms and 2 full bathrooms on the 2nd floor. Set on a flat yard with easy access to all...",https:////d3mi7e2vp4lzjl.cloudfront.net/94596d6d99faf3fd9342d1e4c8921dcf35edba81_img_0/640x480.jpg
Land,Katonah,NY,10536,572 Cross River Road,0,0,0,0,5.65,995000.0,"This private & wooded setting offers a magnificent opportunity to build a secluded dream property that's only 5 minutes from the village of Katonah, I-684 and the Metro-North train station. Perched at the top of a long driveway this 5.65 acre plot has been fully permitted with all approvals in place. This property has been approved for a 5 Bedroom Home by the Board of Health. Can be combined with 578 Cross River, an adjacent 10.58 acre parcel available for $1.575M, as well as 584 Cross River Road,...",https:////d3mi7e2vp4lzjl.cloudfront.net/348f360f40a394a930a3457c8ccec607a6aefdeb_img_0/640x480.jpg
Land,Katonah,NY,10536,578 Cross River Road,0,0,0,0,10.58,1575000.0,"All you need is your architect! Fully permitted 10.58 stunning acres overlooking the Cross River Reservoir await your vision. Have it all--land, views, seclusion, KLS schools and convenience to Katonah village, just five minutes away. This is the perfect site to build the full time home you've always dreamed of or weekend retreat! Board of Health approval to Build a 5 Bedroom home. Can also be combined with an adjacent 5.65 acre parcel and/or 584 Cross River Road, a breathtaking mid-century stunner...",https:////d3mi7e2vp4lzjl.cloudfront.net/c0057e6481f00545107621692d5241a1c8c9cd5b_img_0/640x480.jpg
Single Family,Stanfordville,NY,12581,921 Duell Road,1790,4,2,1923,66.26,1950000.0,"Honey Meadow Farm is a dream made real for anyone longing for a country life of tranquility and privacy in an idyllic setting. Privately situated on the 66-acre compound, the Colonial farmhouse exudes both warmth and sophistication. Wide plank floors, handcrafted original cabinetry, and flawless stonework are just a few of the special details. Inviting, sun drenched spaces invite both family gatherings and quiet days of reflection. Beautiful common areas include a perfectly proportioned living room...",https:////d3mi7e2vp4lzjl.cloudfront.net/7b5d54480f498d55dd6cabb32588cf565f4097fb_img_0/1500x1000.jpg
Single Family,Katonah,NY,10536,584 Cross River Road,1957,4,4,4566,8.88,2350000.0,"The time is now to seize this one-of-a-kind opportunity to create your modern dream estate on prime elevated acreage with reservoir views and stunning sunsets. Just moments from the charming village of Katonah, Metro North Train Station and Cross River Reservoir. Perched upon 8.88 acres of rolling hills this 4 BR/4.5 BA stunner by esteemed architect Allmon Fordyce who designed Lasker pool in Central Park, is a piece of architectural history just waiting for your 2020 vision. Constructed with the...",https:////d3mi7e2vp4lzjl.cloudfront.net/c5fc2121538a316b01e82c581514248a871ef381_img_0/640x480.jpg
Single Family,Cross River,NY,10518,1022 Old Post Road,1969,3,3,2796,1.18,850000.0,"Outstanding renovated Cross River Colonial situated on over one acre of land w/room for a pool. Arrive at the circular driveway and privacy abounds.Masterfully renovated in 2002 featuring a state of the art kitchen w/ stainless steel appliances, granite countertops, gorgeous wood cabinetry. Formal dining room/ formal living room w/fireplace. Wood is a hallmark of this home seen in the floors, dentil moldings in living room, dining room, grand staircase. Master suite features 2 cedar walk in closets,...",https:////d3mi7e2vp4lzjl.cloudfront.net/1d21e838a66a860e31e90143eb835bf2027e0726_img_0/640x480.jpg
Single Family,Danbury,CT,6811,1 Bronson Road,0,3,3,3446,0.47,749000.0,"Stunning ranch with spectacular cathedral ceilings in Candlewood Lake Community. Escape and relax to this must see sprawling and stately New England style ranch. Situated on almost 1/2 acres in the lakefront community of Aqua Vista, which features a community beach, boat dockage and social activities. Enjoy summer breezes blowing off the lake on the large rear deck. With 3400 s.f. of living space, a huge 2400 s.f. unfinished walk out basement, and 7 car garage you will never want to leave. The builder...",https:////d3mi7e2vp4lzjl.cloudfront.net/054853e0047749947cfaf9d6cb2b9836f7e60ae7_img_0/640x480.jpg
Single Family,Amenia,NY,12501,59 Yellow City Road,1989,3,2,2388,2.0,550000.0,"This private three-bedroom Contemporary is perfectly situated on a country road overlooking some of the most incredible views from both inside and out. Upon entering, one is welcomed by the fabulous views of the surrounding distant farmland and beautiful spring-fed pond, which is enjoyed by almost every room in the house. The light-filled open floor plan offers soaring ceilings with an interior balcony with views, wide board wood floors and large deck. The Master Bedroom and Guest Bedroom have sliders...",https:////d3mi7e2vp4lzjl.cloudfront.net/e8df9db21a420897cf53f28aba256ecb57a8fcff_img_0/1500x1000.jpg
Single Family,Woodbury,CT,6798,253 Transylvania Road,1985,3,3,3014,1.38,650000.0,"Positive Vibrations, Lakefront Serenity, and Luxe Interiors merge effortlessly in this beautiful home. A perfect place to escape the city and reclaim balance or an equally exceptional full-time opportunity. This proud reproduction cape has been extensively updated and will envelope you in warm hues of gray and white and then provide you with so many options for your remote-working, exercising, entertaining or relaxing. The main floor transitions perfectly from the living room into the dining room...",https:////d3mi7e2vp4lzjl.cloudfront.net/5459a752b195080ec09735a34c670f0d4f4b825b_img_0/640x480.jpg
Single Family,Ridgefield,CT,6877,17 Laurel Hill Road,1955,5,3,6013,3.26,939000.0,"It’s uncommon to get the best of both worlds—privacy, yet proximity to everything! This spacious home is set atop an opening in the woods, allowing it to be tucked away, yet providing access to all the amenities a thriving household needs: 5 minutes to Metro North train, 2 minutes to all major shopping, and an elementary school down the road. It also borders Ridgefield Rail Trail, the walking/biking path to downtown Ridgefield, which given Ridgefield’s exceptional restaurant/bar scene, boutique stores,...",https:////d3mi7e2vp4lzjl.cloudfront.net/c0f73da7400fa334829e0ec153f5e25c0c7767c7_img_0/640x480.jpg
Single Family,Washington Depot,CT,6794,96 Romford Road,1965,4,3,3516,46.97,5750000.0,"Private Helipad & Landing Strip on a magical hilltop setting in Washington, CT. This secluded 50 acre estate includes an elegantly renovated Colonial with 4 bedrooms/4 bathrooms, luxurious master suite, gourmet kitchen and windows galore to take in the extraordinary distant views. The long driveway winds through a myriad of colorful flowering trees past deep, pristine ponds with an island. Imagine living here to witness the fall foliage turn throughout the river valley and across the distant hills....",https:////d3mi7e2vp4lzjl.cloudfront.net/207b32a6dc52078e9e0500502f519c7e00b864c1_img_0/640x480.jpg
Single Family,Yorktown Heights,NY,10598,152 California Road,1965,4,2,2049,0.46,555000.0,"Desirable Yorktown Heights Neighborhood! Spacious and open floor plan boasts vaulted ceilings in Living and Dining Rooms. Updates and improvements include new contemporary style kitchen (2019) w/ granite countertops, glass tile backsplash, stainless appliances, center island and sunny breakfast room w/ fireplace. Newly stained hardwood floors add to the contemporary feel. New windows in the kitchen, living room, and dining room. The lower level offers guest suite, family room w/ outside entrance,...",https:////d3mi7e2vp4lzjl.cloudfront.net/807d44aef44644625a81197ab53f787d7cff8399_img_0/640x480.jpg
Single Family,Wappingers Falls,NY,12590,20 Main Street,0,4,3,3988,1.45,995000.0,"Built in 1860 and fully restored between 2003-2005, this Victorian home sits on just under 1.5 acre of land w/ separate guest cottage. Set in the Hamlet of New Hamburg, a stones throw from the Hudson River & the New Hamburg train station. The home features original woodwork, sitting porch, 3 Carrera fireplaces & high ceilings. Family owned for over a century, 20 Main St. has been brought into the 21st-century all while keeping true to its Victorian period. Upgrades include; central AC, new bathrooms,...",https:////d3mi7e2vp4lzjl.cloudfront.net/df7e5699a7228ff27bce4f6981f256df212ab825_img_0/640x480.jpg
Single Family,Clinton,NY,13323,3919 Griffin Road,0,6,8,5255,2.05,725000.0,"This is a house like no other! Currently being operated at a B&B, this house sits on an amazing 4.81 acres in a serene country setting. This Home consists of over 5000sf of living space, with an original farmhouse which has benefited from a number of additions over the years. All 6 bedrooms are huge and has their own private bath. There are also 2 additional full bathrooms, large eat in kitchen, dining room, family room, home office, as well as a 2016 renovation which would make a great in-law apartment...",https:////d3mi7e2vp4lzjl.cloudfront.net/5e7939a26e4c58922b39036de0990efff74b952b_img_0/640x480.jpg
Single Family,Thendara,NY,13472,131 Spruce Drive,1999,3,3,2000,0,545000.0,"BEST OF ALL WORLDS - located in a beautiful natural setting 350' along the Middle Branch Moose River with an abundance of nature at your door AND a short walk into the village of Old Forge. Nice floor plan with entry, main floor master suite and full basement with game room. Two stall garage, dock on the river, direct access to Tobie Trail, whole house generator and much more.",https:////d3mi7e2vp4lzjl.cloudfront.net/1a6784d8698ba72617fbc73cf7318c911d66eab3_img_0/640x480.jpg
Single Family,Frankfort,NY,13340,242 Cogar Drive,0,3,4,4500,10.0,839900.0,"Your sanctuary awaits! Standing brilliantly on this 32 acre haven, this completely modern, custom home, has soaring 25' ceilings that invite you in. The gleaming cherry floors, abundant natural woodwork, Wolf, Sub-Zero and Miele appliance all speak to the quality of this home. The first floor primary suite adds to the appeal with its California Walk-in Closet and features a walk-out patio. The fire place in the living room radiates even more warmth, while the formal dining room offers traditional...",https:////d3mi7e2vp4lzjl.cloudfront.net/8a7b907d5c5cfaafad49c5115372bbebf3a34a01_img_0/640x480.jpg
Single Family,Prattsville,NY,12468,103 Goff Drive,0,5,4,3900,7.18,799000.0,"Relish in iconic upstate life in this one-of-a-kind, custom-built expansive contemporary cabin tucked away on over seven acres in the Catskill Region. Flooded in light, the open floor plan offers five bedrooms, four full bathrooms and ample living space on multiple floors. The top floor hosts two master suites, large living area and open kitchen. The exterior wrap around deck has an incredible outdoor fireplace and some of the most spectacular private views in the Hudson Valley. On the lower level,...",https:////d3mi7e2vp4lzjl.cloudfront.net/38cce01927297fed928195cc3e06d45570a3b8b1_img_0/640x480.jpg
Single Family,Barneveld,NY,13304,38 Redmond Road,0,4,3,3600,3.07,575000.0,"At first sight this home will take your breath away. Built with the quality and features only seen in the finest homes in Central New York. Arriving home the crab apple trees flanking the paver lined driveway welcome your return. Admire your limestone walls, bluestone walkways, fenced in pasture and English garden. Enter the two story vaulted foyer with palladium window and cherry staircase. American cherry flooring transitions thru the main living areas on the first floor. Dining room w/ columns,...",https:////d3mi7e2vp4lzjl.cloudfront.net/55d26a558bb59ab0fd04f0f2be65b477c84933d1_img_0/640x480.jpg
Single Family,Margaretville,NY,12455,220 Bloom Farm Road,1954,4,3,3072,29.68,679000.0,"Looking for peace and tranquility on 29+ acres of pristine land? Then look no further and come take a look at this beautiful piece of real estate bordered by land that's forever wildlife. (no one can build around you!). This parcel features the ultimate privacy, with 2 houses and your very own private lake with astonishing views you'd just have to be there to see, The main house is a unique ranch style home with three garages and features two bedrooms and one and a half bath. The additional cottage...",https:////d3mi7e2vp4lzjl.cloudfront.net/49099c90e956f2d1906dd19d1f3d36ff90ce9cf5_img_0/640x480.jpg
Single Family,Margaretville,NY,12455,220-226 Bloom Farm Road,1954,4,3,3072,29.0,679000.0,"Looking for peace and tranquility on 29+ acres of pristine land? Then look no further and come take a look at this beautiful piece of real estate bordered by land that's forever wildlife. (no one can build around you!). This parcel features the ultimate privacy, with 2 houses and your very own private lake with astonishing views you'd just have to be there to see, The main house is a unique ranch style home with three garages and features two bedrooms and one and a half bath. The additional cottage...",https:////d3mi7e2vp4lzjl.cloudfront.net/a8c32f7535a119c0c811cbafa12cab62a442c1b5_img_0/1500x1000.jpg
Single Family,Little Falls,NY,13365,328 Ritter Road,0,4,3,6400,10.0,699900.0,"Step onto the 10 acre property and transport yourself from upstate NY to a log cabin setting familiar in the American West. This property spared no detail during construction, including comforts of home while embracing the serene outdoors. With at least 4 bedrooms and 3.5 luxurious bathrooms, you will have plenty of room to grow or entertain. The sleek and stylish kitchen seamlessly connects to the living room and formal dining room, creating a welcome setting for visitors and family. The master...",https:////d3mi7e2vp4lzjl.cloudfront.net/4c4e9f29165cf816f953f9a500c3207275460129_img_0/640x480.jpg
Single Family,New Hartford,NY,13413,22 Oakwood Drive,0,4,4,3620,0,659900.0,"Pippinwood Hills awaits! Vaulted ceiling welcomes you to an inviting entrance. Open spaces, large rooms that fill with natural light. An oversized 3 stall garage and large deck compliment this property perfectly!",https:////d3mi7e2vp4lzjl.cloudfront.net/cafff3b72d6a11acc5fedff1b24b0a54758e1c0f_img_0/640x480.jpg
Single Family,Old Forge,NY,13420,175 South Rondaxe Road,1907,8,3,2914,4.08,999900.0,This picturesque Lake property is a private lake with only 5 owners bordering the southern lakefront frontage of Rondaxe Lake. Wake-up to breathtaking sunrises and evening sunsets overlooking the Lake and Adirondack mountain range. These mountains are endless woods  of state owned land that will never have developers to worry about developing this peaceful oasis. No wake with less than 25 hp motors will not disturb the beauty of this lake. Many fish species present in the lake to make your fishing...,https:////d3mi7e2vp4lzjl.cloudfront.net/83ef7a8d58a69ce8dd2a9d7da4e34d77e8e3dbe5_img_0/640x480.jpg
Single Family,Eagle Bay,NY,13331,202 Twitchell Road,1999,2,2,3258,0,795000.0,"50 SECLUDED ACRES WITH 1250’ ON AINSWORTH LAKE – “Our Happy Place” has been a compound for friends and family since built in 1999. Custom post & beam home including 1820 reclaimed timbers, 2 bedrooms, 2 full baths, radiant heat and stone fireplace. Two fully equipped guest cabins. 30 X 60 heated garage/shop with 14’ ceiling. Borders NYS land & subdivision potential. Snowmobile trails, Big Moose and Twitchell Lake all close by. Even hiking trails are already built on the property. 20 KW backup generator....",https:////d3mi7e2vp4lzjl.cloudfront.net/dfbdfcb8094629ef93f9d71d4432efe6bfceb511_img_0/640x480.jpg
Single Family,Thendara,NY,13472,361 Okara Road West,1990,3,3,3459,0,585000.0,"Built for entertaining this large home sits on over 10 acres of land backing up to the Ha-der-ron-dah wilderness area. The large living room features a stone fireplace with both a wood burning area and a wood stove. There is a year round bonus room with hot tub and pool table is perfect for hosting guests. In this private retreat you'll also find a first floor master suite, an extra den upstairs as well as a bedroom and a bunk room with tons of sleeping space! The 2 heated detached garages house...",https:////d3mi7e2vp4lzjl.cloudfront.net/2146936fa21982a653cc94fae7964ec63f0b6ece_img_0/640x480.jpg
Single Family,Other,NY,13754,409 County Highway 20,0,4,2,2898,8.38,575000.0,"The next lock down event will not catch you off guard as you live, work & play at your very own executive-style home. This custom-built home was designed w/attention to detail and functionality. It has Oak flooring, a spacious kitchen w/cherry cabinets, kitchen island & adjacent dining area. An open floor plan & tongue-and-groove knotty pine ceiling adds to the country, comfortable feel of the home. In the LL you have an office, 1 BR, family room, 1/2 bath and a relaxing hot tub! The trex deck offers...",https:////d3mi7e2vp4lzjl.cloudfront.net/76d0bc1aa3d122477aca419b84c5d2a2c1ed2581_img_0/640x480.jpg
Single Family,Newport,NY,13416,569 Summit Road,1911,8,2,2556,0,595000.0,"165 Acre farm with more acreage available, 2 barns, coverall, 2 silos, bulk tank, sheds, outdoor wood boiler, pond, (see attachment for sizes). Large farm house with 8 bedrooms, 2 full baths, spacious living, dining area and above ground pool.",https:////d3mi7e2vp4lzjl.cloudfront.net/46cbeed203101d6e0a3af1135120cbd4665985e4_img_0/640x480.jpg
Land,Old Forge,NY,13420,175 South Rondaxe Road,1907,0,0,0,4.08,999900.0,Seasonal or year round Lake property is a private lake with only 5 owners bordering the southern lakefront frontage of Rondaxe Lake. Wake-up to breathtaking sunrises and evening sunsets overlooking the Lake and Adirondack mountain range. These mountains are endless woods of state owned & never have developers to worry about developing this peaceful oasis. No wake 25 hp motors will not disturb the beauty of this lake. Many fish species present in the lake to make your fishing expeditions the perfect...,https:////d3mi7e2vp4lzjl.cloudfront.net/0cf69bb858f7ba91701e84381d84954f432ef47d_img_0/640x480.jpg
Multi Family,Rome,NY,13440,121 3rd Street,0,0,0,21501,0.47,1199000.0,"Outstanding 22 unit apartment building with plenty of off street parking. All new windows spring 2020, fresh exterior and interior common area paint summer 2020. Very low vacancy rate. All units pay their own utilities.",https:////d3mi7e2vp4lzjl.cloudfront.net/7e7aa5add2da5cb61f1ce12b1913cea320d2b6be_img_0/640x480.jpg
Single Family,New Hartford,NY,13413,114 Danberry Circle,1990,5,3,6000,0.64,599000.0,"Beautiful deceivingly huge home about 6,000 square feet 2 floor of living space as per home owner with 2 kitchens, 2 family rooms, 5 bedrooms, 3.5 baths, 2 living rooms, full basement for living. Possible in-law, walkout basement to pool and decks galore. Must see to believe the amount of living space. New Hartford Schools. Home warranty.",https:////d3mi7e2vp4lzjl.cloudfront.net/ed480aaff6ec151a557e8884c2786301eaaf5c57_img_0/640x480.jpg
Single Family,Richfield,NY,13439,7834 Highway 28,1940,2,2,1552,0,550000.0,Come and tour this amazing slice of paradise Offering 150 ft of endless Lake views on Canadarago Lake. Take a walk on the newly constructed pier or lay back in your hammock and watch the sunset. Enjoy peaceful summer nights around a 7ft fire pit. Whatever you serenity is; you won't regret owning this beautiful and all new Lake House.,https:////d3mi7e2vp4lzjl.cloudfront.net/0a123e68c6d2b6ecdad2ba0696c3686bd2b43229_img_0/640x480.jpg
Single Family,Whitesboro,NY,13492,148 Clinton Street,1904,4,3,3948,1.5,519900.0,"Looking for that one incredible English Tudor? Offering this 4000sq ft, 4bdrm/3.5ba home with all the amenities that matter yet, sparing no expense to retain original features in exquisite taste. Entrance foyer anchors the 1st flr. Spacious screened porch & the fireplaced living & dining rms embrace you. Views of 1.5+acre private park like setting from every window throughout the home. Chef friendly kitchen & butler's pantry designed for family or catered affairs. Potential for income producing B...",https:////d3mi7e2vp4lzjl.cloudfront.net/79398fcfb1af768b82a1cf5a6cb6a55bc7060ea3_img_0/640x480.jpg
Single Family,Clinton,NY,13323,3053 South Street,1995,3,3,4304,5.2,980000.0,"Your Own Private Estate ! Exceptional Quality Custom Built Colonial Set on 10 + Acres of Beautiful Grounds... 7000 Square Feet +/- Set between 3 Levels of Living Space... The First Floor with its Sprawling Open Floor Plan with Many Spaces to Mingle and Entertain in the living Room, Family Room, Sun Room or even the Many Dining Areas set all around ... And if that is not enough ,you can continue to the Walkout Lower Level equipped with a 2nd. Kitchen, Bar and another Family room with a fireplace.....",https:////d3mi7e2vp4lzjl.cloudfront.net/c416d826b43600a621a4b8e1ccd01c9e6ddddf37_img_0/640x480.jpg
